sample_name,codon,count,sample_total,frequency,letter
Mut_NS5_Sample,ATT,169080,1673429,0.10103804822313943,I
Mut_NS5_Sample,CGC,162366,1673429,0.09702592700377488,R
Mut_NS5_Sample,TAG,136769,1673429,0.08172978955187224,O
Mut_NS5_Sample,CCT,112566,1673429,0.06726667220419869,P
Mut_NS5_Sample,ATG,110051,1673429,0.06576377007928033,M
Mut_NS5_Sample,CTT,105630,1673429,0.06312188924657096,L
Mut_NS5_Sample,AAG,96947,1673429,0.05793314206936775,K
Mut_NS5_Sample,TGG,91857,1673429,0.05489148329567612,W
Mut_NS5_Sample,CAG,85729,1673429,0.05122954125929454,Q
Mut_NS5_Sample,GCA,69414,1673429,0.041480098647746634,A
Mut_NS5_Sample,AAC,67651,1673429,0.04042657322180983,N
Mut_NS5_Sample,ACT,63328,1673429,0.03784325477806349,T
Mut_NS5_Sample,TAC,60495,1673429,0.0361503236767141,Y
Mut_NS5_Sample,TTT,60438,1673429,0.03611626187905193,F
Mut_NS5_Sample,CAC,57928,1673429,0.03461634763112149,H
Mut_NS5_Sample,TGT,56610,1673429,0.03382874325710861,C
Mut_NS5_Sample,TCT,53026,1673429,0.03168703303217525,S
Mut_NS5_Sample,GTC,44039,1673429,0.026316622934107154,V
Mut_NS5_Sample,GGA,41936,1673429,0.02505992187299252,G
Mut_NS5_Sample,GAG,20142,1673429,0.01203636365809365,E
Mut_NS5_Sample,GAC,7427,1673429,0.00443819247784041,D
Mut_Plasmid,CAG,96987,1156868,0.0838358395253391,Q
Mut_Plasmid,GAC,76465,1156868,0.06609656417153902,D
Mut_Plasmid,GAG,75573,1156868,0.06532551682646594,E
Mut_Plasmid,CAC,69277,1156868,0.05988323646258691,H
Mut_Plasmid,TGT,67347,1156868,0.05821493895587051,C
Mut_Plasmid,CCT,66755,1156868,0.05770321246676371,P
Mut_Plasmid,CGC,63907,1156868,0.055241393140790476,R
Mut_Plasmid,ATG,57153,1156868,0.04940321627013627,M
Mut_Plasmid,GCA,55272,1156868,0.04777727450322768,A
Mut_Plasmid,TTT,55203,1156868,0.047717630706355436,F
Mut_Plasmid,ATT,53527,1156868,0.04626889152435714,I
Mut_Plasmid,ACT,51829,1156868,0.04480113547958799,T
Mut_Plasmid,CTT,51824,1156868,0.04479681346532188,L
Mut_Plasmid,TCT,50883,1156868,0.043983410380440985,S
Mut_Plasmid,AAC,48558,1156868,0.0419736737467023,N
Mut_Plasmid,TAG,43224,1156868,0.03736294892762182,O
Mut_Plasmid,GTC,40006,1156868,0.034581300545956845,V
Mut_Plasmid,TAC,37801,1156868,0.03267529225460467,Y
Mut_Plasmid,TGG,33973,1156868,0.029366358132474922,W
Mut_Plasmid,AAG,32763,1156868,0.02832043068007759,K
Mut_Plasmid,GGA,28541,1156868,0.024670921833778788,G
Mut_Rnd1_mCherry_neg,GAC,222684,1146193,0.19428141682945194,D
Mut_Rnd1_mCherry_neg,TGT,196330,1146193,0.17128877946384247,C
Mut_Rnd1_mCherry_neg,ATT,80220,1146193,0.06998821315432915,I
Mut_Rnd1_mCherry_neg,CGC,79478,1146193,0.06934085271852122,R
Mut_Rnd1_mCherry_neg,TAG,68227,1146193,0.05952487931788102,O
Mut_Rnd1_mCherry_neg,TGG,45471,1146193,0.03967132934854776,W
Mut_Rnd1_mCherry_neg,CAC,44844,1146193,0.03912430105575588,H
Mut_Rnd1_mCherry_neg,ATG,44783,1146193,0.039071081397286496,M
Mut_Rnd1_mCherry_neg,GAG,40434,1146193,0.03527678148444459,E
Mut_Rnd1_mCherry_neg,CAG,39340,1146193,0.03432231744566578,Q
Mut_Rnd1_mCherry_neg,GCA,35416,1146193,0.030898810235274514,A
Mut_Rnd1_mCherry_neg,TCT,33022,1146193,0.02881015675370553,S
Mut_Rnd1_mCherry_neg,TTT,32666,1146193,0.028499563337064524,F
Mut_Rnd1_mCherry_neg,CTT,32033,1146193,0.027947300323767462,L
Mut_Rnd1_mCherry_neg,ACT,29183,1146193,0.025460808083804385,T
Mut_Rnd1_mCherry_neg,CCT,28206,1146193,0.02460842109487669,P
Mut_Rnd1_mCherry_neg,AAC,26255,1146193,0.022906264477273897,N
Mut_Rnd1_mCherry_neg,AAG,25021,1146193,0.02182965696004076,K
Mut_Rnd1_mCherry_neg,GGA,17016,1146193,0.014845667352705871,G
Mut_Rnd1_mCherry_neg,TAC,14133,1146193,0.012330384149964273,Y
Mut_Rnd1_mCherry_neg,GTC,11431,1146193,0.00997301501579577,V
Mut_Rnd1_mCherry_pos,CCT,101606,1332373,0.07625942585146953,P
Mut_Rnd1_mCherry_pos,ATG,93086,1332373,0.06986482013670346,M
Mut_Rnd1_mCherry_pos,CGC,89707,1332373,0.0673287435275257,R
Mut_Rnd1_mCherry_pos,CAG,89088,1332373,0.06686415891045526,Q
Mut_Rnd1_mCherry_pos,AAG,76504,1332373,0.05741935629136886,K
Mut_Rnd1_mCherry_pos,TCT,73835,1332373,0.05541616349175494,S
Mut_Rnd1_mCherry_pos,CTT,72695,1332373,0.05456054723414539,L
Mut_Rnd1_mCherry_pos,TTT,71340,1332373,0.053543564752513,F
Mut_Rnd1_mCherry_pos,ATT,70216,1332373,0.052699957144133065,I
Mut_Rnd1_mCherry_pos,ACT,67577,1332373,0.050719280561824655,T
Mut_Rnd1_mCherry_pos,CAC,67480,1332373,0.050646478125870156,H
Mut_Rnd1_mCherry_pos,TAC,62001,1332373,0.046534266305306396,Y
Mut_Rnd1_mCherry_pos,AAC,61665,1332373,0.04628208467148464,N
Mut_Rnd1_mCherry_pos,GCA,61431,1332373,0.04610645817650163,A
Mut_Rnd1_mCherry_pos,TGT,53767,1332373,0.040354315195519574,C
Mut_Rnd1_mCherry_pos,GTC,53725,1332373,0.04032279249129185,V
Mut_Rnd1_mCherry_pos,TGG,50893,1332373,0.038197261577651305,W
Mut_Rnd1_mCherry_pos,TAG,50859,1332373,0.038171743198038385,O
Mut_Rnd1_mCherry_pos,GAG,28840,1332373,0.021645590236367744,E
Mut_Rnd1_mCherry_pos,GGA,28655,1332373,0.021506740229650406,G
Mut_Rnd1_mCherry_pos,GAC,7403,1332373,0.005556251890424078,D
Mut_Rnd2_mCherry_neg,GAC,280350,706455,0.39684056309319066,D
Mut_Rnd2_mCherry_neg,TGT,121374,706455,0.17180712147270527,C
Mut_Rnd2_mCherry_neg,CGC,29031,706455,0.041093912563432915,R
Mut_Rnd2_mCherry_neg,TAG,22229,706455,0.03146555690029797,O
Mut_Rnd2_mCherry_neg,ATT,22168,706455,0.03137921028232513,I
Mut_Rnd2_mCherry_neg,CAG,20227,706455,0.02863168920879603,Q
Mut_Rnd2_mCherry_neg,CAC,20190,706455,0.02857931503068136,H
Mut_Rnd2_mCherry_neg,ATG,19245,706455,0.02724165021126611,M
Mut_Rnd2_mCherry_neg,GAG,19221,706455,0.027207677771407944,E
Mut_Rnd2_mCherry_neg,TGG,17347,706455,0.02455499642581622,W
Mut_Rnd2_mCherry_neg,GCA,16458,706455,0.023296600632736694,A
Mut_Rnd2_mCherry_neg,TCT,16004,706455,0.022653955312086402,S
Mut_Rnd2_mCherry_neg,CTT,15145,706455,0.02143802506882958,L
Mut_Rnd2_mCherry_neg,CCT,14252,706455,0.020173967202440354,P
Mut_Rnd2_mCherry_neg,AAC,14147,706455,0.02002533777806088,N
Mut_Rnd2_mCherry_neg,TTT,13631,706455,0.01929493032111033,F
Mut_Rnd2_mCherry_neg,ACT,13359,706455,0.018909909336051127,T
Mut_Rnd2_mCherry_neg,AAG,9770,706455,0.013829614058928028,K
Mut_Rnd2_mCherry_neg,TAC,9080,706455,0.012852906413005783,Y
Mut_Rnd2_mCherry_neg,GGA,6690,706455,0.009469817610463512,G
Mut_Rnd2_mCherry_neg,GTC,6537,706455,0.009253243306367709,V
Mut_Rnd2_mCherry_pos,TGT,189960,1055873,0.17990800029927842,C
Mut_Rnd2_mCherry_pos,GAC,178642,1055873,0.16918890813573223,D
Mut_Rnd2_mCherry_pos,CGC,70734,1055873,0.06699101122957023,R
Mut_Rnd2_mCherry_pos,TAG,55797,1055873,0.05284442352442008,O
Mut_Rnd2_mCherry_pos,ATT,53003,1055873,0.05019827195126687,I
Mut_Rnd2_mCherry_pos,CAC,46401,1055873,0.04394562603646461,H
Mut_Rnd2_mCherry_pos,TGG,42150,1055873,0.03991957366084747,W
Mut_Rnd2_mCherry_pos,ATG,41730,1055873,0.03952179854963618,M
Mut_Rnd2_mCherry_pos,CAG,41713,1055873,0.0395056981284681,Q
Mut_Rnd2_mCherry_pos,GCA,39242,1055873,0.03716545455750834,A
Mut_Rnd2_mCherry_pos,CTT,34080,1055873,0.03227660902400194,L
Mut_Rnd2_mCherry_pos,CCT,33633,1055873,0.031853262655641354,P
Mut_Rnd2_mCherry_pos,ACT,32993,1055873,0.03124712915284319,T
Mut_Rnd2_mCherry_pos,GAG,32904,1055873,0.031162838712610323,E
Mut_Rnd2_mCherry_pos,AAC,31574,1055873,0.029903217527107902,N
Mut_Rnd2_mCherry_pos,TCT,30413,1055873,0.028803653469688117,S
Mut_Rnd2_mCherry_pos,TTT,28860,1055873,0.027332832641804458,F
Mut_Rnd2_mCherry_pos,TAC,21715,1055873,0.020565920333221892,Y
Mut_Rnd2_mCherry_pos,AAG,20847,1055873,0.01974385177005189,K
Mut_Rnd2_mCherry_pos,GGA,17185,1055873,0.016275631633728676,G
Mut_Rnd2_mCherry_pos,GTC,12297,1055873,0.011646287006107743,V
WT_NS5_Sample,GAC,7780,19437,0.40026753099758194,D
WT_NS5_Sample,GAG,1635,19437,0.0841179194320111,E
WT_NS5_Sample,TGT,1426,19437,0.0733652312599681,C
WT_NS5_Sample,ATT,1144,19437,0.0588568194680249,I
WT_NS5_Sample,CAC,789,19437,0.04059268405618151,H
WT_NS5_Sample,CGC,611,19437,0.03143489221587693,R
WT_NS5_Sample,CAG,586,19437,0.030148685496733035,Q
WT_NS5_Sample,TAG,553,19437,0.028450892627463087,O
WT_NS5_Sample,CCT,539,19437,0.027730616864742503,P
WT_NS5_Sample,AAC,529,19437,0.02721613417708494,N
WT_NS5_Sample,CTT,485,19437,0.024952410351391674,L
WT_NS5_Sample,AAG,482,19437,0.024798065545094408,K
WT_NS5_Sample,ATG,478,19437,0.024592272470031384,M
WT_NS5_Sample,GCA,415,19437,0.021351031537788754,A
WT_NS5_Sample,ACT,382,19437,0.019653238668518803,T
WT_NS5_Sample,TTT,360,19437,0.018521376755672173,F
WT_NS5_Sample,TAC,323,19437,0.016617790811339198,Y
WT_NS5_Sample,TCT,322,19437,0.016566342542573442,S
WT_NS5_Sample,TGG,272,19437,0.013993929104285641,W
WT_NS5_Sample,GGA,169,19437,0.00869475742141277,G
WT_NS5_Sample,GTC,157,19437,0.008077378196223697,V
WT_Plasmid,GAC,5251,12340,0.42552674230145865,D
WT_Plasmid,TGT,1225,12340,0.09927066450567261,C
WT_Plasmid,GAG,1134,12340,0.09189627228525121,E
WT_Plasmid,ATT,626,12340,0.05072933549432739,I
WT_Plasmid,CAC,531,12340,0.04303079416531604,H
WT_Plasmid,CAG,367,12340,0.029740680713128038,Q
WT_Plasmid,TAG,335,12340,0.027147487844408427,O
WT_Plasmid,CGC,318,12340,0.025769854132901133,R
WT_Plasmid,AAC,295,12340,0.023905996758508914,N
WT_Plasmid,CCT,247,12340,0.020016207455429497,P
WT_Plasmid,ATG,238,12340,0.019286871961102108,M
WT_Plasmid,CTT,235,12340,0.019043760129659644,L
WT_Plasmid,TTT,233,12340,0.018881685575364668,F
WT_Plasmid,AAG,224,12340,0.01815235008103728,K
WT_Plasmid,GCA,207,12340,0.016774716369529985,A
WT_Plasmid,ACT,194,12340,0.01572123176661264,T
WT_Plasmid,TCT,182,12340,0.014748784440842789,S
WT_Plasmid,TAC,153,12340,0.01239870340356564,Y
WT_Plasmid,TGG,134,12340,0.010858995137763372,W
WT_Plasmid,GGA,106,12340,0.008589951377633711,G
WT_Plasmid,GTC,105,12340,0.008508914100486223,V
